{"Analisis Keselamatan Kebakaran - [Analisis Keselamatan]": "733419", "CAD/CAM - [CAD/CAM]": "733420", "Desain dan Kinerja Pesawat Terbang - [Desain dan Kinerja P]": "733421", "K3LL - [K3LL-01]": "733422", "K3LL - [K3LL-02]": "733423", "K3LL - [K3LL-03]": "733424", "K3LL - [K3LL-04]": "733425", "K3LL - [K3LL-05]": "733426", "Kebakaran Hutan dan Lahan - [Kebakaran Hutan dan]": "733427", "Kegagalan Mekanikal - [Kegagalan Mekanikal]": "733428", "Kerja Praktek - [Kerja Praktek]": "733429", "Kimia Dasar - [Kimia Dasar]": "734612", "Kinematika dan Dinamika - [Kinematika & Din-01]": "733431", "Kinematika dan Dinamika - [Kinematika & Din-02]": "733432", "Magang A (Non-Engineering Aspects) - [Magang A (Mer Belaj)]": "733433", "Magang B (Engineering Aspects) - [Magang B (Mer Belaj)]": "733434", "Mekanika Fluida Dasar - [Mek Fluida Dasar-01]": "733435", "Mekanika Fluida Dasar - [Mek Fluida Dasar-02]": "733436", "Mesin dan Peralatan Pengangkat - [Mesin dan Peralatan]": "733437", "Metode Numerik - [Metode Numerik 01]": "733438", "Metode Numerik - [Metode Numerik 02]": "733439", "Optimasi Sistem Energi - [Optimasi Sistem Ener]": "733440", "Otomasi dan Robotika - [Otomasi dan Robotika]": "733441", "Pemeliharaan & Pemantauan Mesin - [P & P Mesin-01]": "733442", "Pemeliharaan & Pemantauan Mesin - [P & P Mesin-02]": "733443", "Pengendalian Kebisingan dan Getaran - [Pengendalian Kebisin]": "733444", "Pengendalian Sistem - [Pengendalian Sist-01]": "733445", "Pengendalian Sistem - [Pengendalian Sist-02]": "733446", "Penilaian Kinerja Manufaktur - [Penilaian Kinerja Ma]": "733447", "Perancangan Manufaktur dan Perakitan - [Perancangan Manufakt]": "733448", "Perancangan Mekanikal - [Perancangan Mek-01]": "733449", "Perancangan Mekanikal - [Perancangan Mek-02]": "733450", "Praktikum Pengukuran dan Metrologi - [Prakt Pengukuran 01]": "733451", "Praktikum Proses Produksi - [Praktikum Proses Pro]": "733452", "Rekayasa Penukar Kalor dan Massa - [Rekayasa Penukar Kal]": "733453", "Seminar - [Seminar]": "733454", "Sistem Konversi Energi 2 - [Sistem Konversi 2-01]": "733455", "Sistem Konversi Energi 2 - [Sistem Konversi 2-02]": "733456", "Sistem Konversi Energi 2 - [Sistem Konversi 2-03]": "733457", "Sistem Machine Vision - [Sistem Machine Visio]": "733458", "Sistem Pengendalian Kendaraan (Fast Track) - [Sistem Pengendalian]": "733459", "Sistem Proteksi Kebakaran (Fast Track) - [Sistem Proteksi Keba]": "733460", "Skripsi - [Skripsi]": "733461", "Statika Struktur - [Statika Struktur-01]": "733462", "Statika Struktur - [Statika Struktur-02]": "733463", "Statistik dan Probabilitas - [Statistik & Prob-01]": "733464", "Statistik dan Probabilitas - [Statistik & Prob-02]": "733465", "Statistik dan Probabilitas - [Statistik & Prob-03]": "733466", "Statistik dan Probabilitas - [Statistik & Prob-04]": "733467", "Statistik dan Probabilitas - [Statistik & Prob-05]": "733468", "Statistik dan Probabilitas - [Statistik & Prob-06]": "733469", "Statistik dan Probabilitas - [Statistik & Prob-07]": "733470", "Teknik Aerodinamika - [Teknik Aerodinamika]": "733471", "Teknik Kendaraan Rel - [Teknik Kendaraan Rel]": "733472", "Teknik Las Lanjut - [Teknik Las Lanjut]": "733473", "Teknik Pembakaran - [Teknik Pembakaran]": "733474", "Teknik Refrijerasi - [Teknik Refrijerasi]": "733475", "Topik Khusus 1, MK Merdeka Belajar - [Topik Khusus 1, MK M]": "733476", "Topik Khusus 2, MK Merdeka Belajar - [Topik Khusus 2, MK M]": "733477", "Topik Khusus 3, MK Merdeka Belajar - [Topik Khusus 3, MK M]": "733478", "Topik Khusus 4, MK Merdeka Belajar - [Topik Khusus 4, MK M]": "733479", "Tugas Merancang I - [Tugas Merancang I-01]": "733480", "Tugas Merancang I - [Tugas Merancang I-02]": "733481", "Tugas Merancang I - [Tugas Merancang I-03]": "733482", "Tugas Merancang I - [Tugas Merancang I-04]": "733483", "Tugas Merancang I - [Tugas Merancang I-05]": "733484", "Tugas Merancang I - [Tugas Merancang I-06]": "733485", "Tugas Merancang I - [Tugas Merancang I-07]": "733486", "Tugas Merancang I - [Tugas Merancang I-08]": "733487", "Tugas Merancang I - [Tugas Merancang I-09]": "733488", "Tugas Merancang I - [Tugas Merancang I-10]": "733489", "Visualisasi Pemodelan Mesin - [Visualisasi Pemod-01]": "733490", "Visualisasi Pemodelan Mesin - [Visualisasi Pemod-02]": "733491", "Visualisasi Pemodelan Mesin - [Visualisasi Pemod-03]": "733492", "Aljabar Linier - [Aljabar Linier-01]": "733094", "Aljabar Linier - [Aljabar Linier-02]": "733095", "Aljabar Linier - [Aljabar Linier-03]": "733096", "Aljabar Linier - [Aljabar Linier-04]": "733097", "Aljabar Linier - [Aljabar Linier-05]": "733098", "Aljabar Linier - [Aljabar Linier-06]": "733099", "Aljabar Linier - [Aljabar Linier-07]": "733100", "Aljabar Linier - [Aljabar Linier-08]": "733101", "Aljabar Linier - [Aljabar Linier-09]": "733102", "Aljabar Linier - [Aljabar Linier-10]": "733103", "Aljabar Linier - [Aljabar Linier-11]": "733104", "Aljabar Linier - [Aljabar Linier-12]": "733105", "Aljabar Linier - [Aljabar Linier-13]": "733106", "Aljabar Linier - [Aljabar Linier-14]": "733107", "Aljabar Linier - [Aljabar Linier-15]": "733108", "Aljabar Linier - [Aljabar Linier-16]": "734592", "Aljabar Linier - [Aljabar Linier-17]": "734593", "Aljabar Linier - [Aljabar Linier-18]": "734594", "Aljabar Linier - [Aljabar Linier-19]": "734595", "Aljabar Linier - [Aljabar Linier-20]": "734596", "Ekonomi Teknik - [Ekonomi Teknik 01]": "733113", "Ekonomi Teknik - [Ekonomi Teknik 02]": "733114", "Ekonomi Teknik - [Ekonomi Teknik 03]": "733115", "Ekonomi Teknik - [Ekonomi Teknik-04]": "733116", "Ekonomi Teknik - [Ekonomi Teknik-05]": "733117", "Ekonomi Teknik - [Matrikulasi Ekotek D]": "734421", "Ekonomi Teknik - [Matrikulasi EkotekS2]": "734422", "Fisika Listrik, MGO - [Fisika Listrik-01]": "733119", "Fisika Listrik, MGO - [Fisika Listrik-02]": "733120", "Fisika Listrik, MGO - [Fisika Listrik-03]": "733121", "Fisika Listrik, MGO - [Fisika Listrik-04]": "733122", "Fisika Listrik, MGO - [Fisika Listrik-05]": "733123", "Fisika Listrik, MGO - [Fisika Listrik-06]": "733124", "Fisika Listrik, MGO - [Fisika Listrik-07]": "734599", "Fisika Listrik, MGO - [Fisika Listrik-08]": "734600", "Fisika Mekanika dan Panas - [Fisika Mekanika-01]": "733722", "Fisika Mekanika dan Panas - [Fisika Mekanika-02]": "733723", "Fisika Mekanika dan Panas - [Fisika Mekanika-03]": "733724", "Fisika Mekanika dan Panas - [Fisika Mekanika-04]": "733725", "Fisika Mekanika dan Panas - [Fisika Mekanika-05]": "734603", "Fisika Mekanika dan Panas - [Fisika Mekanika-06]": "733726", "Fisika Mekanika dan Panas - [Fisika Mekanika-07]": "733727", "Fisika Mekanika dan Panas - [Fisika Mekanika-08]": "733728", "Fisika Mekanika dan Panas - [Fisika Mekanika-09]": "734601", "Fisika Mekanika dan Panas - [Fisika Mekanika-10]": "733729", "Fisika Mekanika dan Panas - [Fisika Mekanika-11]": "733730", "Fisika Mekanika dan Panas - [Fisika Mekanika-12]": "733731", "Fisika Mekanika dan Panas - [Fisika Mekanika-13]": "734604", "Islam - [Islam 01]": "734279", "Islam - [Islam 02]": "734280", "Kalkulus 2 - [Kalkulus 2-01]": "733129", "Kalkulus 2 - [Kalkulus 2-02]": "733130", "Kalkulus 2 - [Kalkulus 2-03]": "733131", "Kalkulus 2 - [Kalkulus 2-04]": "733132", "Kalkulus 2 - [Kalkulus 2-05]": "733133", "Kalkulus 2 - [Kalkulus 2-06]": "733134", "Kalkulus 2 - [Kalkulus 2-07]": "733135", "Kalkulus 2 - [Kalkulus 2-08]": "733136", "Kalkulus 2 - [Kalkulus 2-09]": "733137", "Kalkulus 2 - [Kalkulus 2-10]": "733138", "Kalkulus 2 - [Kalkulus 2-11]": "734605", "Kalkulus 2 - [Kalkulus 2-12]": "734606", "Kalkulus 2 - [Kalkulus 2-13]": "734608", "Kalkulus 2 - [Kalkulus 2-14]": "734607", "Kristen Katolik - [Kristen Katolik 01]": "734285", "Kristen Protestan - [Kristen Protestan 01]": "734286", "MPK Bahasa Inggris - [MPK Bahasa Inggris]": "733805", "MPKT - [MPKT-01]": "734153", "MPKT - [MPKT-02]": "734154", "MPKT - [MPKT-03]": "734155", "MPKT - [MPKT-04]": "734156", "MPKT - [MPKT-05]": "734157", "MPKT - [MPKT-06]": "734158", "MPKT - [MPKT-07]": "734159", "MPKT - [MPKT-08]": "734160", "MPKT - [MPKT-09]": "734161", "MPKT - [MPKT-10]": "734162", "MPKT - [MPKT-11]": "734163", "MPKT - [MPKT-12]": "734164", "MPKT - [MPKT-13]": "734165", "MPKT - [MPKT-14]": "734166", "MPKT - [MPKT-15]": "734167", "MPKT - [MPKT-16]": "734168", "MPKT - [MPKT-24]": "734169", "MPKT - [MPKT-25]": "734170", "MPKT - [MPKT-26]": "734171", "MPKT - [MPKT-27]": "734172", "MPKT - [MPKT-28]": "734173", "MPKT - [MPKT-29]": "734174", "MPKT - [MPKT-30]": "734152", "MPKT - [MPKT-17]": "734259", "MPKT - [MPKT-18]": "734260", "MPKT - [MPKT-19]": "734261", "MPKT - [MPKT-20]": "734262", "MPKT - [MPKT-21]": "734263", "MPKT - [MPKT-22]": "734264", "MPKT - [MPKT-23]": "734265", "Praktikum Fisika Listrik, MGO - [Prak. Fislis - 1A]": "733747", "Praktikum Fisika Listrik, MGO - [Prak. Fislis - 2A]": "733748", "Praktikum Fisika Listrik, MGO - [Prak. Fislis - 2B]": "733749", "Praktikum Fisika Listrik, MGO - [Prak. Fislis - 4A]": "733750", "Praktikum Fisika Listrik, MGO - [Prak. Fislis - 4B]": "733751", "Praktikum Fisika Listrik, MGO - [Prak. Fislis - 5B]": "733752", "Praktikum Fisika Mekanika dan Panas - [Prak. Fismek - 1B]": "733753", "Praktikum Fisika Mekanika dan Panas - [Prak. Fismek - 2A]": "733754", "Praktikum Fisika Mekanika dan Panas - [Prak. Fismek - 3B]": "733755", "Praktikum Fisika Mekanika dan Panas - [Prak. Fismek - 4A]": "733756", "Praktikum Fisika Mekanika dan Panas - [Prak. Fismek - 4B]": "733757", "Praktikum Fisika Mekanika dan Panas - [Prak. Fismek - 5B]": "733758"}